variable,count,mean,std,min,25%,50%,75%,max,original
dummy1,1000.0,-0.0006043147214729364,0.014145019602690411,-0.0445829829723347,-0.010097689556582476,-0.00119503814650375,0.0092686670169017,0.0400040376794628,-0.005302317141119
dummy2,1000.0,-0.00011877871246951708,0.010194774715319738,-0.03692585294052,-0.0069118871004003,8.67693556116933e-05,0.00662947866058445,0.0314498445575353,0.0006035680418676
x1,1000.0,-0.2277207027076547,3.1821095819613134,-9.65341084801073,-2.339436513169576,-0.2664434408737554,1.8138503837861273,28.20503592727833,28.20503592727833
x2,1000.0,0.38565512702842036,8.162319173030694,-22.16162398155205,-4.9178270620086835,0.15646037770224813,5.533083790563147,75.05076108439289,75.05076108439289
x3,1000.0,-0.03412071446551145,1.8708007804415125,-5.92769902996212,-1.3296362890766795,-0.02947550741346065,1.1159399965228207,17.755158164682964,17.755158164682964
